mlbam_id,full_name,height_str,height_in,pos_code
671096,Andrew Abbott,"6' 0""",72,1
690953,Mick Abel,"6' 5""",77,1
691769,Philip Abner,"6' 1""",73,1
682928,CJ Abrams,"6' 0""",72,6
650556,Bryan Abreu,"6' 1""",73,1
677800,Wilyer Abreu,"5' 10""",70,9
670183,Garrett Acton,"6' 2""",74,1
682668,Luisangel Acuña,"5' 7""",67,6
660670,Ronald Acuña Jr.,"6' 0""",72,9
592094,Jason Adam,"6' 3""",75,1
642715,Willy Adames,"6' 0""",72,6
687060,Blake Adams,"6' 2""",74,1
690279,Mason Adams,"6' 1""",73,1
701519,Travis Adams,"6' 1""",73,1
666176,Jo Adell,"6' 2""",74,9
688642,Zach Agnos,"6' 0""",72,1
695239,Robby Ahlstrom,"6' 3""",75,1
669211,Keegan Akin,"6' 0""",72,1
645277,Ozzie Albies,"5' 7""",67,4
682634,Kevin Alcántara,"6' 6""",78,10
645261,Sandy Alcantara,"6' 5""",77,1
691951,Sam Aldegheri,"6' 1""",73,1
680916,Franco Aleman,"6' 6""",78,1
677942,Blaze Alexander,"5' 11""",71,5
669920,Jason Alexander,"6' 2""",74,1
641302,Tyler Alexander,"6' 1""",73,1
672613,Eliezer Alfonzo,"5' 10""",70,2
663465,Kolby Allard,"6' 1""",73,1
671106,Logan Allen,"6' 0""",72,1
669397,Nick Allen,"5' 7""",67,6
624413,Pete Alonso,"6' 3""",75,3
514888,Jose Altuve,"5' 6""",66,4
665660,Elvis Alvarado,"6' 6""",78,1
621237,José Alvarado,"6' 2""",74,1
682626,Francisco Alvarez,"5' 10""",70,2
674841,Andrew Alvarez,"6' 3""",75,1
670541,Yordan Alvarez,"6' 4""",76,10
691182,Adael Amador,"5' 11""",71,4
665804,Miguel Amaya,"6' 1""",73,2
623454,Drew Anderson,"6' 3""",75,1
681982,Grant Anderson,"6' 0""",72,1
681252,Jack Anderson,"6' 3""",75,1
807739,Kade Anderson,"6' 2""",74,1
641312,Shaun Anderson,"6' 6""",78,1
681084,Tanner Andrews,"6' 3""",75,1
609280,Miguel Andujar,"6' 0""",72,10
701350,Roman Anthony,"6' 3""",75,7
803011,Sam Antonacci,"5' 11""",71,7
622088,Tejay Antone,"6' 4""",76,1
666018,Jonathan Aranda,"6' 0""",72,3
606115,Orlando Arcia,"5' 11""",71,6
571448,Nolan Arenado,"6' 2""",74,5
672356,Gabriel Arias,"6' 1""",73,5
542888,Shawn Armstrong,"6' 2""",74,1
668227,Randy Arozarena,"5' 10""",70,7
650333,Luis Arraez,"5' 10""",70,4
681293,Spencer Arrighetti,"6' 2""",74,1
695490,Edwin Arroyo,"5' 11""",71,4
703197,Michael Arroyo,"5' 10""",70,6
676879,Aaron Ashby,"6' 0""",72,1
677952,Braxton Ashcraft,"6' 5""",77,1
668933,Graham Ashcraft,"6' 2""",74,1
665871,Javier Assad,"6' 1""",73,1
679883,Luinder Avila,"6' 3""",75,1
640492,José Azócar,"5' 11""",71,9
669199,Lake Bachar,"6' 2""",74,1
696147,Sam Bachman,"6' 1""",73,1
679775,Kyle Backhus,"6' 4""",76,1
664056,Harrison Bader,"5' 11""",71,8
678225,Jihwan Bae,"5' 11""",71,8
595879,Javier Báez,"5' 11""",71,6
695491,Joshua Báez,"6' 3""",75,7
672275,Patrick Bailey,"6' 0""",72,2
641329,Bryan Baker,"6' 6""",78,1
663609,Luken Baker,"6' 4""",76,3
686948,Drake Baldwin,"6' 0""",72,2
694208,Moisés Ballesteros,"5' 8""",68,10
607455,Anthony Banda,"6' 2""",74,1
677943,Will Banfield,"6' 0""",72,2
621383,Tanner Banks,"6' 1""",73,1
682995,Hunter Barco,"6' 4""",76,1
680718,Addison Barger,"5' 11""",71,9
605130,Scott Barlow,"6' 3""",75,1
656212,Charlie Barnes,"6' 2""",74,1
686930,Mason Barnett,"6' 0""",72,1
678489,Jorge Barrosa,"5' 6""",66,8
663698,Joey Bart,"6' 2""",74,2
678545,Osleivis Basabe,"5' 11""",71,4
694212,Samuel Basallo,"6' 4""",76,2
605135,Chris Bassitt,"6' 5""",77,1
669620,Brady Basso,"6' 2""",74,1
703520,Brett Bateman,"5' 10""",70,8
683146,Brett Baty,"6' 3""",75,5
641343,Jake Bauers,"6' 0""",72,3
691945,Carter Baumler,"6' 2""",74,1
669358,Shane Baz,"6' 3""",75,1
660825,Eduard Bazardo,"6' 0""",72,1
683953,Travis Bazzana,"5' 11""",71,4
687637,Dylan Beavers,"6' 5""",77,7
694341,Brendan Beck,"6' 2""",74,1
687597,Jordan Beck,"6' 2""",74,7
663941,Tristan Beck,"6' 4""",76,1
670280,David Bednar,"6' 1""",73,1
656222,Jalen Beeks,"5' 11""",71,1
690925,Clayton Beeter,"6' 2""",74,1
605137,Josh Bell,"6' 3""",75,10
641355,Cody Bellinger,"6' 3""",75,7
678394,Brayan Bello,"6' 1""",73,1
678368,Valente Bellozo,"5' 10""",70,1
669622,Anthony Bender,"6' 4""",76,1
701807,Carson Benge,"6' 1""",73,9
643217,Andrew Benintendi,"5' 9""",69,10
687562,Jake Bennett,"6' 6""",78,1
666181,Will Benson,"6' 4""",76,9
682674,Victor Bericoto,"6' 1""",73,7
699024,Leo Bernal,"6' 0""",72,2
657514,Brennan Bernardino,"6' 4""",76,1
672642,Steward Berroa,"5' 9""",69,9
605141,Mookie Betts,"5' 9""",69,6
676440,Tanner Bibee,"6' 2""",74,1
666182,Bo Bichette,"5' 11""",71,5
674370,Osvaldo Bido,"6' 3""",75,1
684049,Brandan Bidois,"6' 2""",74,1
669456,Shane Bieber,"6' 3""",75,1
685801,Hunter Bigge,"6' 0""",72,1
656234,Jake Bird,"6' 3""",75,1
702352,Spencer Bivens,"6' 4""",76,1
621389,Ty Blach,"6' 1""",73,1
696131,Mason Black,"6' 3""",75,1
672012,Tyler Black,"6' 0""",72,10
621112,Paul Blackburn,"6' 1""",73,1
687134,Bradley Blalock,"6' 2""",74,1
669854,Ronel Blanco,"6' 3""",75,1
668709,JJ Bleday,"6' 2""",74,7
656240,Scott Blewett,"6' 6""",78,1
669208,Ryan Bliss,"5' 7""",67,4
805123,AJ Blubaugh,"6' 2""",74,1
593428,Xander Bogaerts,"6' 2""",74,6
664761,Alec Bohm,"6' 4""",76,5
703607,Henry Bolte,"6' 3""",75,8
675989,Cody Bolton,"6' 2""",74,1
592155,Cam Booser,"6' 3""",75,1
621366,Ryan Borucki,"6' 4""",76,1
641386,Ben Bowden,"6' 4""",76,1
687749,Jase Bowen,"6' 0""",72,9
680742,Jonathan Bowlan,"6' 6""",78,1
571510,Matthew Boyd,"6' 3""",75,1
671212,Joe Boyle,"6' 8""",80,1
674003,Cody Bradford,"6' 4""",76,1
680694,Kyle Bradish,"6' 3""",75,1
671737,Taj Bradley,"6' 2""",74,1
687394,Jack Brannigan,"6' 0""",72,6
666374,Matt Brash,"6' 1""",73,1
683352,Mitch Bratt,"6' 1""",73,1
623211,Huascar Brazobán,"6' 3""",75,1
605154,John Brebbia,"6' 1""",73,1
608324,Alex Bregman,"5' 10""",70,5
686823,Will Brennan,"5' 11""",71,7
681146,Jonah Bride,"5' 11""",71,5
689225,Beau Brieske,"6' 3""",75,1
666745,Jhony Brito,"6' 2""",74,1
682877,Juan Brito,"6' 0""",72,4
641401,Connor Brogdon,"6' 6""",78,1
605156,Aaron Brooks,"6' 4""",76,1
676962,Ben Brown,"6' 6""",78,1
686613,Hunter Brown,"6' 2""",74,1
664141,JT Brubaker,"6' 4""",76,1
677865,Justin Bruihl,"6' 2""",74,1
660644,Vidal Bruján,"5' 9""",69,6
694350,Zach Brzykcy,"6' 2""",74,1
663460,Kris Bubic,"6' 3""",75,1
621111,Walker Buehler,"6' 2""",74,1
607481,Aaron Bummer,"6' 3""",75,1
669394,Jake Burger,"6' 0""",72,3
686228,Juan Burgos,"6' 0""",72,1
670103,Raymond Burgos,"6' 5""",77,1
656271,Brock Burke,"6' 4""",76,1
680732,Sean Burke,"6' 6""",78,1
686628,Blake Burkhalter,"6' 0""",72,1
676475,Alec Burleson,"6' 0""",72,3
669203,Corbin Burnes,"6' 3""",75,1
695505,Chase Burns,"6' 3""",75,1
681347,Mike Burrows,"6' 1""",73,1
683737,Michael Busch,"5' 11""",71,3
671732,Lawrence Butler,"6' 3""",75,9
676130,José Buttó,"6' 0""",72,1
621439,Byron Buxton,"6' 1""",73,8
676609,José Caballero,"5' 9""",69,6
665795,Edward Cabrera,"6' 5""",77,1
703615,Jose Cabrera,"6' 3""",75,1
665828,Oswaldo Cabrera,"6' 0""",72,5
695506,Jac Caglianone,"6' 4""",76,9
683357,Owen Caissie,"6' 4""",76,9
669743,Alex Call,"5' 11""",71,7
814430,Brett Callahan,"6' 0""",72,7
682997,Tyler Callihan,"5' 11""",71,7
665856,Jair Camargo,"5' 10""",70,2
663662,Daz Cameron,"6' 0""",72,7
702070,Noah Cameron,"6' 3""",75,1
691406,Junior Caminero,"6' 1""",73,5
672569,Gustavo Campero,"5' 6""",66,O
669134,Luis Campusano,"5' 10""",70,2
600869,Jeimer Candelario,"6' 1""",73,5
656288,Griffin Canning,"6' 2""",74,1
686563,Jonathan Cannon,"6' 6""",78,1
666974,Yennier Cano,"6' 4""",76,1
676282,Joey Cantillo,"6' 4""",76,1
686527,Dominic Canzone,"6' 0""",72,10
605170,Victor Caratini,"6' 0""",72,2
666185,Dylan Carlson,"6' 1""",73,7
681481,Kerry Carpenter,"6' 1""",73,9
471911,Carlos Carrasco,"6' 4""",76,1
694249,Cole Carrigg,"6' 2""",74,8
672629,Gerardo Carrillo,"6' 1""",73,1
682998,Corbin Carroll,"5' 10""",70,9
694497,Evan Carter,"6' 2""",74,8
676508,Ben Casparius,"6' 2""",74,1
680604,Blas Castaño,"5' 10""",70,1
682769,Eiberson Castellano,"6' 3""",75,1
592206,Nick Castellanos,"6' 3""",75,9
622491,Luis Castillo,"6' 2""",74,1
665645,Kervin Castro,"5' 10""",70,1
650489,Willi Castro,"6' 0""",72,4
695508,Cam Cauley,"5' 9""",69,8
676917,Cade Cavalli,"6' 4""",76,1
701852,Drew Cavanaugh,"6' 0""",72,2
656302,Dylan Cease,"6' 2""",74,1
677944,Slade Cecconi,"6' 4""",76,1
672021,Eric Cerantola,"6' 5""",77,1
696149,Bubba Chandler,"6' 3""",75,1
665953,Andrés Chaparro,"6' 0""",72,3
547973,Aroldis Chapman,"6' 4""",76,1
656305,Matt Chapman,"6' 1""",73,5
691907,Tsung-Che Cheng,"5' 8""",68,6
665862,Jazz Chisholm Jr.,"5' 11""",71,4
683409,Angel Chivilli,"6' 2""",74,1
694192,Jackson Chourio,"6' 1""",73,7
701675,Nathan Church,"5' 10""",70,8
650644,Aaron Civale,"6' 1""",73,1
703601,Max Clark,"5' 11""",71,8
672016,Denzel Clarke,"6' 3""",75,8
664199,Taylor Clarke,"6' 3""",75,1
682729,Jonatan Clase,"5' 10""",70,7
664076,Garrett Cleavinger,"6' 1""",73,1
665019,Kody Clemens,"6' 0""",72,4
676391,Ernie Clement,"6' 0""",72,4
543037,Gerrit Cole,"6' 4""",76,1
805904,Zach Cole,"6' 2""",74,7
686555,Isaac Collins,"5' 8""",68,7
686560,Gavin Collyer,"6' 1""",73,1
624424,Michael Conforto,"5' 11""",71,10
665052,Griffin Conine,"6' 1""",73,9
661388,William Contreras,"5' 10""",70,2
575929,Willson Contreras,"6' 0""",72,3
702047,Alex Cook,"6' 2""",74,1
695257,Billy Cook,"6' 0""",72,8
571578,Patrick Corbin,"6' 4""",76,1
683000,Riley Cornelio,"6' 3""",75,1
692030,Jose Corniell,"6' 2""",74,1
621043,Carlos Correa,"6' 3""",75,6
666126,Carlos Cortes,"5' 7""",67,9
676680,Tom Cosgrove,"6' 2""",74,1
543056,Danny Coulombe,"5' 10""",70,1
681297,Colton Cowser,"6' 3""",75,8
813841,Jonah Cox,"6' 2""",74,8
641487,J.P. Crawford,"6' 0""",72,6
702222,Justin Crawford,"6' 2""",74,8
686611,Dylan Crews,"5' 11""",71,9
681867,Cooper Criswell,"6' 6""",78,1
676105,Jeff Criswell,"6' 4""",76,1
676979,Garrett Crochet,"6' 6""",78,1
630105,Jake Cronenworth,"5' 11""",71,4
699625,Jimmy Crooks,"6' 0""",72,2
689441,Coleman Crow,"5' 10""",70,1
691718,Pete Crow-Armstrong,"6' 0""",72,8
518585,Fernando Cruz,"6' 2""",74,1
665833,Oneil Cruz,"6' 7""",79,8
674444,Steven Cruz,"6' 7""",79,1
669360,Trei Cruz,"6' 0""",72,8
672442,Yovanny Cruz,"6' 0""",72,1
621016,Jose Cuas,"6' 3""",75,1
701785,Kaelen Culpepper,"5' 10""",70,6
675540,Xzavion Curry,"6' 0""",72,1
694753,Khristian Curtis,"6' 5""",77,1
681168,Luis Curvelo,"6' 1""",73,1
518595,Travis d'Arnaud,"6' 0""",72,2
689149,Chad Dallas,"5' 11""",71,1
689546,Nick Davila,"6' 3""",75,1
680779,Henry Davis,"5' 11""",71,2
699823,Tyler Davis,"6' 2""",74,1
701474,Duncan Davitt,"6' 3""",75,1
681909,Justin Dean,"5' 8""",68,8
594798,Jacob deGrom,"6' 4""",76,1
646241,Enmanuel De Jesus,"6' 3""",75,1
650559,Bryan De La Cruz,"6' 0""",72,9
682829,Elly De La Cruz,"6' 6""",78,6
800050,Chase DeLauter,"6' 3""",75,9
680728,Adrian Del Castillo,"5' 9""",69,10
801725,Luis De León,"6' 3""",75,1
669384,Raynel Delgado,"6' 0""",72,4
691277,Deyvison De Los Santos,"6' 1""",73,5
660853,Enyel De Los Santos,"6' 3""",75,1
660787,Yerry De los Santos,"6' 3""",75,1
676356,Jonny DeLuca,"5' 10""",70,9
800543,Josue De Paula,"6' 3""",75,9
672282,Reid Detmers,"6' 2""",74,1
606965,Chris Devenski,"6' 3""",75,1
646240,Rafael Devers,"6' 0""",72,3
701305,Zach Dezenzo,"6' 5""",77,7
621242,Edwin Díaz,"6' 3""",75,1
553869,Elias Díaz,"6' 1""",73,2
646242,Jhonathan Díaz,"6' 0""",72,1
673237,Yainer Diaz,"5' 11""",71,2
650490,Yandy Díaz,"6' 0""",72,10
700270,Yilber Díaz,"6' 0""",72,1
693307,Dillon Dingler,"6' 1""",73,2
702021,Will Dion,"5' 10""",70,1
690928,Hunter Dobbins,"6' 2""",74,1
677976,Randy Dobnak,"6' 1""",73,1
689266,Dylan Dodd,"6' 2""",74,1
801403,Chase Dollander,"6' 2""",74,1
691176,Jasson Domínguez,"5' 9""",69,9
622554,Seranthony Domínguez,"6' 1""",73,1
680977,Brendan Donovan,"5' 11""",71,5
696062,Wilber Dotel,"6' 3""",75,1
666808,Camilo Doval,"6' 2""",74,1
686668,Brenton Doyle,"6' 3""",75,8
684442,Kohl Drake,"6' 5""",77,1
676263,Jack Dreyer,"6' 2""",74,1
675660,Shane Drohan,"6' 2""",74,1
650960,Daniel Duarte,"6' 0""",72,1
643289,Mauricio Dubón,"5' 11""",71,7
694362,Blake Dunn,"5' 9""",69,8
686554,Oliver Dunn,"5' 10""",70,5
679922,Carlos Duran,"6' 7""",79,1
677649,Ezequiel Duran,"5' 10""",70,6
680776,Jarren Duran,"6' 0""",72,7
661395,Jhoan Duran,"6' 5""",77,1
660710,Rodolfo Durán,"5' 8""",68,2
702332,Caleb Durbin,"5' 6""",66,5
813349,Connelly Early,"6' 3""",75,1
681987,Nate Eaton,"5' 11""",71,7
671109,Jake Eder,"6' 4""",76,1
669242,Tommy Edman,"5' 10""",70,4
605218,Carl Edwards Jr.,"6' 3""",75,1
669364,Xavier Edwards,"5' 9""",69,4
621107,Zach Eflin,"6' 6""",78,1
685126,Brandon Eisert,"6' 2""",74,1
694795,Josh Ekness,"6' 4""",76,1
693821,Bryce Elder,"6' 2""",74,1
805811,Bryce Eldridge,"6' 7""",79,10
592288,Kent Emanuel,"6' 4""",76,1
806068,Colt Emerson,"6' 0""",72,6
666464,Jerar Encarnacion,"6' 4""",76,9
687952,Christian Encarnacion-Strand,"6' 1""",73,5
669438,Mason Englert,"6' 4""",76,1
608650,Dietrich Enns,"6' 1""",73,1
543135,Nathan Eovaldi,"6' 2""",74,1
668674,Lucas Erceg,"6' 2""",74,1
641555,J.C. Escarra,"6' 2""",74,2
664744,Jose Espada,"6' 0""",72,1
669289,Santiago Espinal,"5' 9""",69,5
682982,Daniel Espino,"6' 0""",72,1
683155,Joey Estes,"6' 2""",74,1
608032,Carlos Estévez,"6' 6""",78,1
669093,Jeremiah Estrada,"6' 1""",73,1
681751,Lazaro Estrada,"5' 10""",70,1
805999,A.J. Ewing,"5' 10""",70,8
664126,Pete Fairbanks,"6' 6""",78,1
656413,Stuart Fairchild,"5' 11""",71,8
663559,Bailey Falter,"6' 4""",76,1
571657,Kyle Farmer,"5' 11""",71,10
815083,Mitch Farris,"6' 2""",74,1
676534,Calvin Faucher,"6' 1""",73,1
607200,Erick Fedde,"6' 4""",76,1
693459,Kyler Fedko,"6' 0""",72,7
676439,Hunter Feduccia,"6' 1""",73,2
663372,Ryan Feltner,"6' 4""",76,1
657571,Caleb Ferguson,"6' 3""",75,1
621053,Tyler Ferguson,"6' 4""",76,1
666023,Freddy Fermin,"5' 10""",70,2
665877,José Fermín,"5' 10""",70,7
820862,José Fermin,"6' 3""",75,1
699912,Jose Fernandez,"6' 3""",75,10
642759,Julian Fernández,"6' 6""",78,1
681676,Ryan Fernandez,"6' 0""",72,1
678606,José A. Ferrer,"6' 1""",73,1
670036,Matt Festa,"6' 1""",73,1
640448,Kyle Finnegan,"6' 2""",74,1
680755,Braydon Fisher,"6' 4""",76,1
702153,Brian Fitzpatrick,"6' 7""",79,1
656427,Jack Flaherty,"6' 4""",76,1
676596,Josh Fleming,"6' 2""",74,1
804668,Rafael Flores Jr.,"6' 3""",75,2
689254,Mason Fluharty,"6' 2""",74,1
671345,Jason Foley,"6' 4""",76,1
695670,Harry Ford,"5' 10""",70,2
663743,Nick Fortes,"5' 11""",71,2
679822,Justin Foscue,"5' 11""",71,4
671382,Cameron Foster,"6' 5""",77,1
641584,Jake Fraley,"5' 11""",71,9
641585,J.P. France,"6' 0""",72,1
664034,Ty France,"5' 10""",70,3
683742,Jose Franco,"6' 2""",74,1
681047,Christian Franklin,"5' 9""",69,8
693308,Nick Frasso,"6' 5""",77,1
624428,Adam Frazier,"5' 10""",70,4
690976,Alex Freeland,"5' 11""",71,4
607536,Kyle Freeland,"6' 4""",76,1
683227,Cody Freeman,"5' 9""",69,5
518692,Freddie Freeman,"6' 4""",76,3
671289,Tyler Freeman,"5' 11""",71,9
686217,Sal Frelick,"5' 9""",69,9
608331,Max Fried,"6' 4""",76,1
670770,TJ Friedl,"5' 8""",68,8
681807,David Fry,"6' 1""",73,9
800311,Didier Fuentes,"6' 0""",72,1
690924,Braxton Fulford,"5' 10""",70,10
605242,Michael Fulmer,"6' 2""",74,1
690978,Dax Fulton,"6' 7""",79,1
681892,Kody Funderburk,"6' 4""",76,1
801501,Nate Furman,"5' 8""",68,4
683769,Hunter Gaddis,"6' 6""",78,1
657424,Matt Gage,"6' 4""",76,1
668678,Zac Gallen,"6' 2""",74,1
687941,Alec Gamboa,"6' 1""",73,1
605244,Aramis Garcia,"6' 1""",73,2
805299,Brandyn Garcia,"6' 4""",76,1
691373,Jhostynxon Garcia,"6' 0""",72,9
666969,Adolis García,"6' 0""",72,9
670329,Rico Garcia,"5' 9""",69,1
670062,Julian Garcia,"6' 3""",75,1
671277,Luis García Jr.,"6' 1""",73,3
472610,Luis García,"6' 2""",74,1
672580,Maikel Garcia,"6' 1""",73,5
676395,Robert Garcia,"6' 4""",76,1
666129,Braxton Garrett,"6' 2""",74,1
641598,Mitch Garver,"6' 1""",73,2
681508,Mickey Gasper,"5' 9""",69,10
688107,Robert Gasser,"6' 0""",72,1
703725,Luis Gastelum,"6' 2""",74,1
592332,Kevin Gausman,"6' 2""",74,1
680869,Zack Gelof,"6' 2""",74,5
694197,Angel Genao,"5' 11""",71,4
680702,Joey Gerber,"6' 4""",76,1
801434,Paul Gervase,"6' 10""",82,1
806188,Cade Gibson,"6' 2""",74,1
694346,Trey Gibson,"6' 5""",77,1
661563,Luis Gil,"6' 3""",75,1
687551,Drew Gilbert,"5' 9""",69,8
669302,Logan Gilbert,"6' 6""",78,1
656457,Tyler Gilbert,"6' 3""",75,1
665926,Andrés Giménez,"5' 11""",71,6
656464,Kevin Ginkel,"6' 4""",76,1
669372,J.T. Ginn,"6' 2""",74,1
608337,Lucas Giolito,"6' 6""",78,1
607192,Tyler Glasnow,"6' 8""",80,1
808970,Woo-Suk Go,"5' 11""",71,1
502671,Paul Goldschmidt,"6' 2""",74,3
672782,Yoendrys Gómez,"6' 3""",75,1
594835,Marco Gonzales,"6' 1""",73,1
693304,Nick Gonzales,"5' 8""",68,5
682445,Domingo Gonzalez,"6' 0""",72,1
694224,Gabriel Gonzalez,"5' 10""",70,9
694378,Jacob Gonzalez,"6' 2""",74,6
663853,Romy Gonzalez,"6' 0""",72,10
696100,Hunter Goodman,"5' 11""",71,2
676467,Colton Gordon,"6' 4""",76,1
685299,Tanner Gordon,"6' 5""",77,1
669022,MacKenzie Gore,"6' 2""",74,1
669357,Nolan Gorman,"6' 0""",72,5
543238,Anthony Gose,"6' 0""",72,1
700669,Gordon Graceffo,"6' 4""",76,1
701552,Andre Granillo,"6' 4""",76,1
682608,Peyton Gray,"6' 4""",76,1
543243,Sonny Gray,"5' 10""",70,1
656484,Tristan Gray,"6' 1""",73,6
668881,Hunter Greene,"6' 5""",77,1
682985,Riley Greene,"6' 2""",74,7
545341,Randal Grichuk,"6' 0""",72,10
656492,Foster Griffin,"6' 3""",75,1
804606,Konnor Griffin,"6' 3""",75,6
663757,Trent Grisham,"5' 10""",70,8
687093,Vaughn Grissom,"6' 2""",74,4
694410,LuJames Groover,"6' 2""",74,3
675627,Michael Grove,"6' 3""",75,1
594027,Tyron Guerrero,"6' 8""",80,1
665489,Vladimir Guerrero Jr.,"6' 0""",72,3
666971,Lourdes Gurriel Jr.,"6' 3""",75,7
687473,Ryan Gusto,"6' 4""",76,1
694203,Denzer Guzman,"6' 1""",73,5
606992,Eric Haase,"5' 10""",70,2
623352,Josh Hader,"6' 3""",75,1
663795,Justin Hagenman,"6' 3""",75,1
664059,Sam Haggerty,"5' 11""",71,7
669084,DL Hall,"6' 1""",73,1
690984,Petey Halpin,"5' 11""",71,8
678020,Seth Halvorsen,"6' 2""",74,1
666152,David Hamilton,"5' 10""",70,5
641656,Ian Hamilton,"6' 1""",73,1
676106,Emerson Hancock,"6' 4""",76,1
668974,Maverick Handley,"5' 9""",69,2
669724,Brenan Hanifee,"6' 5""",77,1
690440,Bradley Hanner,"6' 4""",76,1
664023,Ian Happ,"5' 10""",70,7
547180,Bryce Harper,"6' 1""",73,3
695391,Brett Harris,"6' 2""",74,5
687957,Dustin Harris,"6' 2""",74,7
663687,Hogan Harris,"6' 3""",75,1
671739,Michael Harris II,"5' 11""",71,8
805345,Trent Harris,"6' 1""",73,1
690986,Kyle Harrison,"6' 2""",74,1
606996,Kyle Hart,"6' 5""",77,1
664129,Geoff Hartlieb,"6' 5""",77,1
640451,Hunter Harvey,"6' 3""",75,1
663647,Ke'Bryan Hayes,"5' 11""",71,5
669720,Austin Hays,"5' 10""",70,7
687396,Brent Headrick,"6' 6""",78,1
669169,Jonathan Heasley,"6' 3""",75,1
595978,Austin Hedges,"6' 0""",72,2
641680,Jonah Heim,"6' 4""",76,2
623168,Tyler Heineman,"5' 10""",70,2
680737,Michael Helman,"6' 0""",72,8
664854,Ryan Helsley,"6' 2""",74,1
683002,Gunnar Henderson,"6' 3""",75,6
701656,Logan Henderson,"6' 0""",72,1
683618,Edgardo Henriquez,"6' 4""",76,1
669371,Cole Henry,"6' 4""",76,1
656529,Sam Hentges,"6' 8""",80,1
623474,Jimmy Herget,"6' 3""",75,1
643361,Kevin Herget,"5' 10""",70,1
687231,Darell Hernaiz,"5' 11""",71,6
672578,Carlos Hernández,"6' 4""",76,1
622694,Elieser Hernández,"6' 1""",73,1
571771,Enrique Hernández,"5' 10""",70,5
681715,Heriberto Hernández,"5' 11""",71,7
642546,Jonathan Hernández,"6' 3""",75,1
606192,Teoscar Hernández,"6' 0""",72,7
671056,Iván Herrera,"5' 11""",71,10
700327,Welinton Herrera,"6' 0""",72,1
682120,Tim Herrin,"6' 6""",78,1
676051,Codi Heuer,"6' 5""",77,1
676551,Brewer Hicklen,"6' 2""",74,9
663855,Jordan Hicks,"6' 2""",74,1
689414,Liam Hicks,"5' 9""",69,2
543309,Kyle Higashioka,"6' 1""",73,2
664731,P.J. Higgins,"5' 10""",70,2
656537,Derek Hill,"6' 0""",72,8
677955,Jaden Hill,"6' 4""",76,1
657612,Tim Hill,"6' 4""",76,1
806367,Turner Hill,"5' 10""",70,7
677956,Rece Hinds,"6' 3""",75,9
682274,Yaramil Hiraldo,"6' 1""",73,1
687309,Cooper Hjerpe,"6' 3""",75,1
663538,Nico Hoerner,"5' 11""",71,4
656546,Jeff Hoffman,"6' 5""",77,1
676510,Nolan Hoffman,"6' 4""",76,1
694851,Andrew Hoffmann,"6' 5""",77,1
670059,Colin Holderman,"6' 6""",78,1
702616,Jackson Holliday,"5' 11""",71,4
668970,Gavin Hollowell,"6' 7""",79,1
680880,Grant Holman,"6' 6""",78,1
605280,Clay Holmes,"6' 5""",77,1
656550,Grant Holmes,"6' 0""",72,1
663947,Tyler Holton,"6' 2""",74,1
811315,Brody Hopkins,"6' 4""",76,1
695380,Alex Hoppe,"6' 1""",73,1
690990,Cade Horton,"6' 1""",73,1
687462,Spencer Horwitz,"5' 10""",70,3
656555,Rhys Hoskins,"6' 3""",75,3
691781,Brady House,"6' 4""",76,5
605288,Adrian Houser,"6' 4""",76,1
663542,Bryan Hudson,"6' 8""",80,1
669087,Sam Huff,"6' 4""",76,2
687312,Gabriel Hughes,"6' 4""",76,1
675448,Blake Hunt,"6' 4""",76,2
669165,Kyle Hurt,"6' 3""",75,1
676428,Brant Hurter,"6' 6""",78,1
628451,Andy Ibáñez,"5' 10""",70,4
628452,Raisel Iglesias,"6' 2""",74,1
837227,Tatsuya Imai,"5' 11""",71,1
684007,Shota Imanaga,"5' 10""",70,1
663697,Jonathan India,"5' 10""",70,4
694876,Cooper Ingle,"5' 8""",68,2
608344,Cole Irvin,"6' 4""",76,1
663623,Jake Irvin,"6' 6""",78,1
664728,Kyle Isbel,"5' 10""",70,8
656577,Alex Jackson,"6' 1""",73,2
669236,Jeremiah Jackson,"5' 11""",71,4
689690,Alek Jacob,"6' 3""",75,1
686753,Drey Jameson,"6' 0""",72,1
643376,Danny Jansen,"6' 2""",74,2
445276,Kenley Jansen,"6' 5""",77,1
805347,Jim Jarvis,"5' 9""",69,6
664299,Cristian Javier,"6' 1""",73,1
643377,Griffin Jax,"6' 2""",74,1
680777,Ryan Jeffers,"6' 2""",74,2
805805,Walker Jenkins,"6' 3""",75,8
695600,Carter Jensen,"6' 0""",72,2
650391,Eloy Jiménez,"6' 4""",76,10
677870,Leo Jiménez,"5' 10""",70,5
695549,Jackson Jobe,"6' 2""",74,1
656582,Connor Joe,"5' 11""",71,9
669369,Bryce Johnson,"5' 11""",71,9
669288,Daniel Johnson,"5' 10""",70,8
572955,Pierce Johnson,"6' 2""",74,1
696270,Ryan Johnson,"6' 6""",78,1
686751,Seth Johnson,"6' 1""",73,1
694494,Ty Johnson,"6' 6""",78,1
671155,Ivan Johnson,"6' 0""",72,4
687859,Troy Johnston,"5' 11""",71,9
675659,Greg Jones,"6' 0""",72,7
663330,Jahmai Jones,"5' 10""",70,10
683003,Jared Jones,"6' 0""",72,1
682987,Spencer Jones,"6' 7""",79,9
691458,Blaze Jordan,"6' 1""",73,5
699115,Carlos Jorge,"5' 9""",69,8
690829,Ben Joyce,"6' 5""",77,1
592450,Aaron Judge,"6' 7""",79,9
696522,Hayden Juenger,"6' 0""",72,1
666397,Edouard Julien,"6' 1""",73,4
667452,Corey Julks,"5' 11""",71,7
695611,Gage Jump,"6' 0""",72,1
690291,Jace Jung,"5' 11""",71,5
673962,Josh Jung,"6' 1""",73,5
596001,Jakob Junis,"6' 3""",75,1
676083,Janson Junk,"6' 2""",74,1
592454,Tommy Kahnle,"6' 1""",73,1
675916,James Karinchak,"6' 3""",75,1
691720,Kyle Karros,"6' 5""",77,5
641743,Anthony Kay,"6' 0""",72,1
692216,CJ Kayfus,"5' 11""",71,7
807712,Luke Keaschall,"6' 0""",72,4
680577,DaShawn Keirsey Jr.,"6' 0""",72,8
690993,Colt Keith,"6' 2""",74,5
672284,Jarred Kelenic,"5' 11""",71,9
641745,Brad Keller,"6' 5""",77,1
662144,Brian Keller,"6' 3""",75,1
656605,Mitch Keller,"6' 3""",75,1
681520,Antoine Kelly,"6' 5""",77,1
699008,Antwone Kelly,"5' 10""",70,1
608348,Carson Kelly,"6' 1""",73,2
518876,Merrill Kelly,"6' 2""",74,1
687330,Kevin Kelly,"6' 2""",74,1
547184,Michael Kelly,"6' 4""",76,1
677161,Zack Kelly,"6' 3""",75,1
805249,Otto Kemp,"5' 11""",71,7
687531,William Kempner,"6' 0""",72,1
671083,Buddy Kennedy,"5' 10""",70,5
800600,Jackson Kent,"6' 3""",75,1
687849,Zak Kent,"6' 3""",75,1
596146,Max Kepler,"6' 4""",76,7
689147,Orion Kerkering,"6' 2""",74,1
678061,Ray Kerr,"6' 3""",75,1
695049,Brett Kerry,"6' 0""",72,1
815873,Sean Keys,"6' 1""",73,10
579328,Yusei Kikuchi,"6' 0""",72,1
668873,Caleb Kilian,"6' 4""",76,1
673490,Ha-Seong Kim,"5' 10""",70,6
808975,Hyeseong Kim,"5' 10""",70,6
518886,Craig Kimbrel,"6' 0""",72,1
643396,Isiah Kiner-Falefa,"5' 10""",70,4
687911,Bryan King,"6' 1""",73,1
667463,John King,"6' 2""",74,1
650633,Michael King,"6' 3""",75,1
664068,Scott Kingery,"5' 9""",69,6
663884,Nolan Kingham,"6' 4""",76,1
641755,Tyler Kinley,"6' 4""",76,1
669923,George Kirby,"6' 4""",76,1
672386,Alejandro Kirk,"5' 8""",68,2
552640,Andrew Kittredge,"6' 1""",73,1
677008,Heston Kjerstad,"6' 2""",74,7
691946,George Klassen,"6' 2""",74,1
804619,John Klein,"6' 5""",77,1
694361,Will Klein,"6' 5""",77,1
689017,Landon Knack,"6' 2""",74,1
668800,Andrew Knizner,"6' 0""",72,2
686799,Jack Kochanowicz,"6' 7""",79,1
657649,Jared Koenig,"6' 5""",77,1
663568,Stephen Kolek,"6' 3""",75,1
683766,Christian Koss,"6' 1""",73,6
668820,Max Kranick,"6' 3""",75,1
668952,Ryan Kreidler,"6' 3""",75,6
665152,Dean Kremer,"6' 2""",74,1
621139,Brooks Kriske,"6' 3""",75,1
640454,Matt Krook,"6' 4""",76,1
669270,Joel Kuhnel,"6' 5""",77,1
811965,Joshua Kuroda-Grauer,"5' 10""",70,5
701762,Nick Kurtz,"6' 5""",77,3
680757,Steven Kwan,"5' 8""",68,7
663567,Peter Lambert,"6' 2""",74,1
656638,Alex Lange,"6' 3""",75,1
669127,Shea Langeliers,"5' 11""",71,2
694671,Wyatt Langford,"6' 0""",72,7
800325,Luis Lara,"5' 7""",67,9
663616,Trevor Larnach,"6' 3""",75,7
686747,Joe La Sorsa,"6' 5""",77,1
656641,Jacob Latz,"6' 2""",74,1
641778,Eric Lauer,"6' 3""",75,1
657656,Ramón Laureano,"5' 9""",69,7
681320,Nate Lavender,"6' 2""",74,1
571882,Derek Law,"6' 3""",75,1
689520,Cody Laweryson,"6' 4""",76,1
691783,Jordan Lawlar,"6' 0""",72,8
664875,Justin Lawrence,"6' 3""",75,1
676661,Max Lazar,"6' 1""",73,1
681517,Kyle Leahy,"6' 5""",77,1
673929,Jordan Leasure,"6' 3""",75,1
686797,Brooks Lee,"6' 0""",72,5
695445,Chase Lee,"6' 0""",72,1
669276,Dylan Lee,"6' 3""",75,1
701678,Hao-Yu Lee,"5' 9""",69,4
808982,Jung Hoo Lee,"6' 0""",72,9
668984,Casey Legumina,"6' 2""",74,1
605335,Brandon Leibrandt,"6' 4""",76,1
683004,Jack Leiter,"6' 1""",73,1
643410,Mark Leiter Jr.,"6' 0""",72,1
506702,Sandy León,"5' 9""",69,2
678760,Eddys Leonard,"5' 10""",70,6
668904,Royce Lewis,"6' 0""",72,3
669461,Matthew Liberatore,"6' 4""",76,1
695734,Daylen Lile,"5' 11""",71,7
596019,Francisco Lindor,"5' 10""",70,6
641793,Zack Littell,"6' 4""",76,1
663893,Brendon Little,"6' 2""",74,1
681432,Luke Little,"6' 8""",80,1
642528,Jonathan Loáisiga,"5' 11""",71,1
682988,Tyler Locklear,"6' 2""",74,3
663604,Brandon Lockridge,"6' 0""",72,7
666157,Nick Lodolo,"6' 6""",78,1
679845,Nick Loftin,"5' 11""",71,5
806146,George Lombard Jr.,"6' 2""",74,6
675920,Seth Lonsway,"6' 0""",72,1
694388,Joey Loperfido,"6' 3""",75,7
682052,Jacob Lopez,"6' 4""",76,1
670032,Nicky Lopez,"5' 10""",70,4
672640,Otto Lopez,"5' 10""",70,6
625643,Reynaldo López,"6' 1""",73,1
695418,Brad Lord,"6' 3""",75,1
547179,Michael Lorenzen,"6' 1""",73,1
663992,Richard Lovelady,"6' 0""",72,1
695076,Rhett Lowder,"6' 1""",73,1
664040,Brandon Lowe,"5' 9""",69,4
663993,Nathaniel Lowe,"6' 4""",76,3
666139,Josh Lowe,"6' 3""",75,7
664192,Joey Lucchesi,"6' 5""",77,1
607625,Seth Lugo,"6' 4""",76,1
683090,Matthew Lugo,"6' 0""",72,7
664770,Nathan Lukes,"5' 11""",71,9
666200,Jesús Luzardo,"6' 0""",72,1
663738,Daniel Lynch IV,"6' 6""",78,1
592518,Manny Machado,"6' 2""",74,5
605353,Vimael Machín,"5' 10""",70,6
691788,Joe Mack,"6' 0""",72,2
671936,Adam Macko,"6' 0""",72,1
680744,Ty Madden,"6' 3""",75,1
663611,Nick Madrigal,"5' 7""",67,5
641816,Tyler Mahle,"6' 3""",75,1
571912,Luke Maile,"6' 3""",75,2
701162,Ben Malgeri,"6' 1""",73,9
640455,Sean Manaea,"6' 5""",77,1
641820,Trey Mancini,"6' 3""",75,3
815081,Mark Manfredi,"6' 4""",76,1
663968,Jake Mangum,"5' 11""",71,8
666201,Alek Manoah,"6' 6""",78,1
573009,Joe Mantiply,"6' 4""",76,1
700932,Kyle Manzardo,"5' 11""",71,3
665561,Rafael Marchán,"5' 9""",69,2
676760,Ron Marinaccio,"6' 2""",74,1
608566,Germán Márquez,"6' 1""",73,1
805300,Jakob Marsee,"6' 0""",72,8
669016,Brandon Marsh,"6' 2""",74,7
606466,Ketel Marte,"6' 0""",72,4
682622,Noelvi Marte,"6' 2""",74,9
516782,Starling Marte,"6' 0""",72,9
805074,Yunior Marte,"6' 6""",78,1
628708,Yunior Marte,"6' 2""",74,1
668885,Austin Martin,"5' 10""",70,9
455119,Chris Martin,"6' 8""",80,1
656686,Corbin Martin,"6' 2""",74,1
663436,Davis Martin,"6' 2""",74,1
702303,Riley Martin,"6' 1""",73,1
657675,Rudy Martin Jr.,"5' 5""",65,9
694680,Trevor Martin,"6' 5""",77,1
682657,Angel Martínez,"5' 11""",71,7
679885,Justin Martinez,"6' 3""",75,1
607259,Nick Martinez,"6' 1""",73,1
683079,Omar Martinez,"5' 11""",71,2
661527,Seth Martinez,"6' 2""",74,1
686681,Michael Massey,"6' 0""",72,4
670156,Miles Mastrobuoni,"5' 9""",69,5
622761,Jorge Mateo,"6' 0""",72,6
687273,Quinn Mathews,"6' 5""",77,1
664208,Phil Maton,"6' 2""",74,1
682641,Luis Matos,"5' 11""",71,9
673513,Yuki Matsui,"5' 8""",68,1
694728,Brice Matthews,"5' 10""",70,8
805673,Zebby Matthews,"6' 5""",77,1
676755,Isaac Mattson,"6' 2""",74,1
571927,Steven Matz,"6' 2""",74,1
677595,Ronny Mauricio,"6' 3""",75,6
802408,Brycen Mautz,"6' 3""",75,1
687209,Zach Maxwell,"6' 6""",78,1
669160,Dustin May,"6' 6""",78,1
691785,Marcelo Mayer,"6' 3""",75,4
691723,Coby Mayo,"6' 5""",77,5
641835,Tim Mayza,"6' 3""",75,1
807727,Charles McAdoo,"6' 0""",72,4
685112,Zach McCambley,"6' 2""",74,1
543510,James McCann,"6' 2""",74,2
664983,Jake McCarthy,"6' 0""",72,7
663556,Shane McClanahan,"6' 3""",75,1
669200,Mason McCoy,"5' 11""",71,4
687529,Grant McCray,"6' 1""",73,8
621121,Lance McCullers Jr.,"6' 1""",73,1
457705,Andrew McCutchen,"5' 10""",70,10
694646,Chayce McDermott,"6' 3""",75,1
686790,Trevor McDonald,"6' 0""",72,1
701780,Tanner McDougal,"6' 5""",77,1
686934,Alex McFarlane,"6' 3""",75,1
668834,Easton McGee,"6' 7""",79,1
805808,Kevin McGonigle,"5' 9""",69,6
700241,Michael McGreevy,"6' 4""",76,1
624512,Reese McGuire,"6' 0""",72,2
656716,Zach McKinstry,"5' 11""",71,9
680574,Matt McLain,"5' 8""",68,4
690997,Nolan McLean,"6' 2""",74,1
641857,Ryan McMahon,"6' 2""",74,5
643446,Jeff McNeil,"6' 0""",72,4
678554,Curtis Mead,"6' 1""",73,5
678009,Parker Meadows,"6' 5""",77,8
683232,Nick Mears,"6' 3""",75,1
685133,Wade Meckler,"5' 9""",69,7
682989,Victor Mederos,"6' 2""",74,1
665622,Luis Medina,"6' 1""",73,1
656730,Trevor Megill,"6' 8""",80,1
805367,Chase Meidroth,"5' 9""",69,4
675848,Juan Mejia,"6' 3""",75,1
669004,MJ Melendez,"6' 0""",72,10
675512,Troy Melton,"6' 4""",76,1
608841,Joey Meneses,"6' 4""",76,3
701538,Jackson Merrill,"6' 2""",74,8
683748,Victor Mesa Jr.,"5' 11""",71,9
800048,Parker Messick,"6' 0""",72,1
682825,Luis Mey,"6' 5""",77,1
676974,Max Meyer,"6' 0""",72,1
676694,Jake Meyers,"6' 0""",72,8
571945,Miles Mikolas,"6' 4""",76,1
693686,Spencer Miles,"6' 3""",75,1
686452,Drew Millas,"6' 0""",72,2
682243,Bryce Miller,"6' 2""",74,1
669062,Erik Miller,"6' 5""",77,1
695243,Mason Miller,"6' 5""",77,1
680911,Owen Miller,"5' 11""",71,4
676272,Bobby Miller,"6' 5""",77,1
670090,Wyatt Mills,"6' 4""",76,1
571948,Hoby Milner,"6' 3""",75,1
621345,A.J. Minter,"6' 0""",72,1
694819,Jacob Misiorowski,"6' 7""",79,1
670224,Kameron Misner,"6' 3""",75,8
669003,Garrett Mitchell,"6' 2""",74,8
663554,Casey Mize,"6' 3""",75,1
669387,Carmen Mlodzinski,"6' 2""",74,1
683627,Anthony Molina,"6' 1""",73,1
594580,Sam Moll,"5' 9""",69,1
655316,Andruw Monasterio,"5' 11""",71,6
660162,Yoán Moncada,"6' 0""",72,5
666160,Mickey Moniak,"6' 1""",73,7
672456,Keider Montero,"6' 1""",73,1
703155,Lazaro Montes,"6' 5""",77,9
687287,Patrick Monteverde,"6' 2""",74,1
695731,Braden Montgomery,"6' 2""",74,9
695657,Colson Montgomery,"6' 3""",75,6
656756,Jordan Montgomery,"6' 6""",78,1
682254,Mason Montgomery,"6' 2""",74,1
695681,Christian Moore,"6' 0""",72,4
664238,Dylan Moore,"6' 1""",73,8
703492,Nick Morabito,"5' 10""",70,7
806960,Luis Morales,"6' 3""",75,1
691002,Yohandy Morales,"6' 3""",75,3
663558,Jovani Morán,"6' 1""",73,1
670970,Adrian Morejon,"5' 11""",71,1
666624,Christopher Morel,"6' 0""",72,3
672515,Gabriel Moreno,"5' 9""",69,2
688158,David Morgan,"6' 0""",72,1
669212,Eli Morgan,"5' 10""",70,1
666661,Juan Morillo,"6' 1""",73,1
702193,Andrew Morris,"6' 0""",72,1
695034,Kade Morris,"6' 3""",75,1
663624,Ryan Mountcastle,"6' 3""",75,3
656775,Cedric Mullins,"5' 7""",67,8
571970,Max Muncy,"5' 10""",70,5
691777,Max Muncy,"6' 0""",72,5
662253,Andrés Muñoz,"6' 2""",74,1
682610,Roddery Muñoz,"6' 2""",74,1
691548,Rolddy Muñoz,"6' 2""",74,1
808959,Munetaka Murakami,"6' 2""",74,3
668716,Noah Murdock,"6' 8""",80,1
669684,Chris Murphy,"6' 1""",73,1
684665,Luke Murphy,"6' 5""",77,1
702566,Owen Murphy,"6' 1""",73,1
669221,Sean Murphy,"6' 3""",75,2
681230,BJ Murray Jr.,"5' 11""",71,5
681151,Jayden Murray,"6' 1""",73,1
695020,Tanner Murray,"6' 1""",73,7
656786,Parker Mushinski,"6' 0""",72,1
667472,Dane Myers,"6' 0""",72,8
668964,Tobias Myers,"6' 1""",73,1
667297,Tommy Nance,"6' 6""",78,1
677053,Andrew Nardi,"6' 3""",75,1
665966,Carlos Narváez,"5' 11""",71,2
696519,Samy Natera Jr.,"6' 4""",76,1
640459,Brian Navarreto,"6' 1""",73,2
647304,Josh Naylor,"5' 10""",70,3
666310,Bo Naylor,"5' 9""",69,2
669194,Ryne Nelson,"6' 3""",75,1
687263,Zach Neto,"5' 11""",71,6
656794,Sean Newcomb,"6' 5""",77,1
693312,Kyle Nicolas,"6' 3""",75,1
680951,Doug Nikhazy,"6' 0""",72,1
607043,Brandon Nimmo,"6' 1""",73,9
807747,Rikuu Nishida,"5' 6""",66,9
605400,Aaron Nola,"6' 2""",74,1
663457,Lars Nootbaar,"6' 1""",73,10
681393,Connor Norby,"5' 10""",70,4
689296,Anthony Nunez,"6' 2""",74,1
673380,Dedniel Núñez,"6' 2""",74,1
683083,Nasim Nuñez,"5' 8""",68,4
676617,Riley O'Brien,"6' 4""",76,1
656811,Ryan O'Hearn,"6' 2""",74,9
681351,Logan O'Hoppe,"6' 2""",74,10
641933,Tyler O'Neill,"5' 9""",69,9
641927,Bailey Ober,"6' 9""",81,1
660271,Shohei Ohtani,"6' 4""",76,Y
672960,Kazuma Okamoto,"6' 1""",73,5
595345,Steven Okert,"6' 2""",74,1
681544,Wyatt Olds,"6' 0""",72,1
666931,Jared Oliva,"6' 2""",74,8
621566,Matt Olson,"6' 4""",76,3
680716,Jonathan Ornelas,"6' 1""",73,6
694673,Abimelec Ortiz,"5' 10""",70,3
687401,Joey Ortiz,"5' 10""",70,6
679358,Eric Orze,"6' 4""",76,1
696030,Alejandro Osuna,"5' 9""",69,7
681546,James Outman,"6' 2""",74,8
670912,Johan Oviedo,"6' 6""",78,1
542303,Marcell Ozuna,"6' 1""",73,10
665506,Cristian Pache,"6' 2""",74,O
663978,Chris Paddack,"6' 5""",77,1
699151,Jedixson Paez,"6' 1""",73,1
641941,Emilio Pagán,"6' 2""",74,1
681624,Andy Pages,"6' 1""",73,8
686780,Pedro Pagés,"5' 11""",71,2
691725,Andrew Painter,"6' 7""",79,1
680700,Richie Palacios,"5' 8""",68,4
694037,Daniel Palencia,"5' 11""",71,1
669467,Andre Pallante,"6' 0""",72,1
688883,Peyton Pallette,"6' 1""",73,1
687223,Carson Palmquist,"6' 3""",75,1
623381,Thomas Pannone,"6' 0""",72,1
670623,Isaac Paredes,"5' 11""",71,5
702474,Mike Paredes,"5' 11""",71,1
677347,Kyren Paris,"5' 10""",70,4
680730,Mitchell Parker,"6' 4""",76,1
686469,Vinnie Pasquantino,"6' 3""",75,3
694477,Chad Patrick,"6' 1""",73,1
688363,Graham Pauley,"6' 1""",73,5
606303,Joel Payamps,"6' 3""",75,1
663878,Nate Pearson,"6' 6""",78,1
807726,John Peck,"6' 0""",72,6
814490,Ethan Pecko,"6' 2""",74,1
592626,Joc Pederson,"6' 1""",73,10
666711,Joel Peguero,"5' 10""",70,1
665161,Jeremy Peña,"6' 0""",72,6
687239,Ben Peoples,"6' 1""",73,1
691384,Luis Perales,"6' 0""",72,1
642547,Freddy Peralta,"6' 0""",72,1
671111,Sammy Peralta,"6' 1""",73,1
593974,Wandy Peralta,"6' 0""",72,1
672724,Oswald Peraza,"5' 11""",71,4
702885,Cesar Perdomo,"5' 10""",70,1
672695,Geraldo Perdomo,"6' 2""",74,6
640902,Jhonny Pereda,"6' 1""",73,2
677592,Everson Pereira,"5' 11""",71,9
672335,Cionel Pérez,"6' 0""",72,1
691587,Eury Pérez,"6' 8""",80,1
678577,Junior Perez,"6' 0""",72,8
527048,Martín Pérez,"6' 0""",72,1
521692,Salvador Perez,"6' 2""",74,10
672761,Wenceel Pérez,"5' 11""",71,9
663368,Blake Perkins,"6' 0""",72,8
678022,Jack Perkins,"6' 1""",73,1
671976,Tristan Peters,"6' 0""",72,8
656848,Michael Petersen,"6' 7""",79,1
804926,Austin Peterson,"6' 6""",78,1
656849,David Peterson,"6' 6""",78,1
695534,Chase Petty,"6' 1""",73,1
694297,Brandon Pfaadt,"6' 4""",76,1
502054,Tommy Pham,"6' 1""",73,7
683175,Connor Phillips,"6' 2""",74,1
623465,Evan Phillips,"6' 2""",74,1
663969,Tyler Phillips,"6' 5""",77,1
682818,Yohendrick Piñango,"5' 10""",70,7
687605,Andrew Pinckney,"6' 4""",76,7
702752,Jonathan Pintaro,"6' 2""",74,1
700652,Kenny Piper,"5' 10""",70,2
601713,Nick Pivetta,"6' 5""",77,1
593871,Jorge Polanco,"6' 0""",72,10
519141,Drew Pomeranz,"6' 5""",77,1
664074,Cody Ponce,"6' 6""",78,1
647315,Zach Pop,"6' 4""",76,1
682515,Logan Porter,"5' 11""",71,2
676571,PJ Poulin,"6' 1""",73,1
700249,Cade Povich,"6' 3""",75,1
650968,Yohel Pozo,"5' 11""",71,2
806198,Cooper Pratt,"6' 4""",76,6
805672,Collin Price,"6' 4""",76,2
687570,Connor Prielipp,"6' 2""",74,1
693409,César Prieto,"5' 9""",69,5
690155,Matt Pushard,"6' 4""",76,1
615698,Cal Quantrill,"6' 3""",75,1
700337,Edgar Quero,"5' 10""",70,2
691620,Jeferson Quero,"6' 0""",72,2
500779,Jose Quintana,"6' 2""",74,1
678882,Ceddanne Rafaela,"5' 10""",70,8
666142,Cole Ragans,"6' 4""",76,1
663432,Tanner Rainey,"6' 3""",75,1
691008,Max Rajcic,"6' 0""",72,1
663728,Cal Raleigh,"6' 2""",74,2
548384,Brooks Raley,"6' 3""",75,1
670042,Luke Raley,"6' 3""",75,9
667652,Jack Ralston,"6' 6""",78,1
682663,Agustín Ramírez,"6' 1""",73,10
608070,José Ramírez,"5' 8""",68,5
699393,Pedro Ramírez,"5' 9""",69,4
670990,Yohan Ramírez,"6' 3""",75,1
671218,Heliot Ramos,"5' 11""",71,7
678576,Wilkin Ramos,"6' 6""",78,1
660604,Alan Rangel,"6' 2""",74,1
675919,Nick Raquet,"6' 0""",72,1
688497,Taylor Rashi,"6' 4""",76,1
656876,Drew Rasmussen,"6' 1""",73,1
670231,John Rave,"5' 10""",70,9
592662,Robbie Ray,"6' 2""",74,1
694397,Marco Raya,"6' 1""",73,1
607067,Colin Rea,"6' 5""",77,1
592663,J.T. Realmuto,"6' 0""",72,2
608701,Rob Refsnyder,"5' 11""",71,10
650859,Luis Rengifo,"5' 9""",69,7
694025,Felix Reyes,"6' 3""",75,7
668804,Bryan Reynolds,"6' 2""",74,7
687377,Orlando Ribalta,"6' 7""",79,1
700250,Ben Rice,"6' 2""",74,10
670950,Trevor Richards,"6' 2""",74,1
680689,Lyon Richardson,"6' 2""",74,1
663586,Austin Riley,"6' 1""",73,5
684516,Hancel Rincon,"6' 2""",74,1
687282,Gabriel Rincones Jr.,"6' 3""",75,9
605441,Yacksel Ríos,"6' 3""",75,1
702275,JR Ritchie,"6' 2""",74,1
690022,Ryan Ritter,"6' 1""",73,6
660844,Leo Rivas,"5' 7""",67,5
700842,Eduardo Rivera,"6' 7""",79,1
665861,Sebastián Rivero,"6' 1""",73,2
685005,Christian Roa,"6' 4""",76,1
673357,Luis Robert Jr.,"6' 2""",74,8
681799,Ethan Roberts,"5' 10""",70,1
642020,Chuckie Robinson,"6' 0""",72,2
645302,Victor Robles,"6' 0""",72,9
677587,Brayan Rocchio,"5' 9""",69,6
697812,Joe Rock,"6' 6""",78,1
677958,Kumar Rocker,"6' 5""",77,1
801126,Brock Rodden,"5' 7""",67,6
702176,Alan Roden,"5' 11""",71,9
607074,Carlos Rodón,"6' 2""",74,1
699134,Bradgley Rodriguez,"6' 1""",73,1
692230,Carlos Rodriguez,"5' 11""",71,1
593958,Eduardo Rodriguez,"6' 2""",74,1
695684,Elmer Rodríguez,"6' 4""",76,1
691181,Emmanuel Rodriguez,"5' 11""",71,8
682848,Endy Rodríguez,"6' 0""",72,2
680570,Grayson Rodriguez,"6' 5""",77,1
699302,Héctor Rodríguez,"5' 10""",70,9
683679,Jesus Rodriguez,"5' 10""",70,2
671286,Johnathan Rodríguez,"6' 2""",74,9
677594,Julio Rodríguez,"6' 4""",76,8
655889,Manuel Rodríguez,"5' 11""",71,1
684320,Yariel Rodríguez,"6' 0""",72,1
668670,Jake Rogers,"5' 11""",71,2
573124,Taylor Rogers,"6' 3""",75,1
669432,Trevor Rogers,"6' 5""",77,1
643511,Tyler Rogers,"6' 3""",75,1
668942,Josh Rojas,"6' 1""",73,5
696070,Kendry Rojas,"6' 2""",74,1
500743,Miguel Rojas,"5' 10""",70,4
669020,Ryan Rolison,"6' 2""",74,1
680723,Drew Rom,"6' 1""",73,1
605447,Jordan Romano,"6' 5""",77,1
668941,JoJo Romero,"5' 11""",71,1
691011,Drew Romo,"6' 0""",72,2
667670,Brent Rooker,"6' 3""",75,10
666163,Ben Rortvedt,"5' 10""",70,2
642708,Amed Rosario,"6' 1""",73,5
805346,Ben Ross,"6' 0""",72,6
697811,Dylan Ross,"6' 5""",77,1
605452,Joe Ross,"6' 4""",76,1
676566,Shawn Ross,"6' 0""",72,2
694738,Landen Roupp,"6' 2""",74,1
694820,Braxton Roxby,"6' 3""",75,1
688297,Chris Roycroft,"6' 8""",80,1
621074,Michael Rucker,"6' 1""",73,1
665923,Esteury Ruiz,"5' 11""",71,9
660688,Keibert Ruiz,"5' 11""",71,2
681198,TJ Rumfield,"6' 5""",77,3
687221,Dalton Rushing,"6' 0""",72,2
671131,Jackson Rutledge,"6' 8""",80,1
668939,Adley Rutschman,"6' 1""",73,2
657746,Joe Ryan,"6' 2""",74,1
681870,Erik Sabrowski,"6' 4""",76,1
695336,Thomas Saggese,"5' 10""",70,7
806956,Ethan Salas,"6' 1""",73,2
663967,César Salazar,"5' 8""",68,2
519242,Chris Sale,"6' 6""",78,1
701719,Tyler Samaniego,"6' 4""",76,1
645305,Ali Sánchez,"6' 0""",72,2
650911,Cristopher Sánchez,"6' 6""",78,1
596142,Gary Sánchez,"6' 2""",74,2
660821,Jesús Sánchez,"6' 3""",75,9
676742,Cam Sanders,"6' 2""",74,1
689818,David Sandlin,"6' 4""",76,1
680704,Nick Sandlin,"5' 11""",71,1
663776,Patrick Sandoval,"6' 3""",75,1
663485,Cole Sands,"6' 3""",75,1
665665,Reiver Sanmartin,"6' 1""",73,1
691594,Javier Sanoja,"5' 7""",67,5
695001,Alimber Santa,"5' 10""",70,1
467793,Carlos Santana,"5' 10""",70,3
642701,Dennis Santana,"6' 2""",74,1
663574,Tony Santillan,"6' 3""",75,1
666619,Gregory Santos,"6' 3""",75,1
692437,Winston Santos,"6' 0""",72,1
808963,Roki Sasaki,"6' 2""",74,1
642048,Tayler Saucedo,"6' 4""",76,1
694384,Nolan Schanuel,"6' 2""",74,3
453286,Max Scherzer,"6' 3""",75,1
693645,Cam Schlittler,"6' 6""",78,1
669477,Casey Schmitt,"6' 0""",72,7
682177,Daniel Schneemann,"6' 0""",72,8
676914,Davis Schneider,"5' 8""",68,7
669947,Jesse Scholtens,"6' 4""",76,1
670167,John Schreiber,"6' 2""",74,1
680474,Max Schuemann,"6' 0""",72,7
702273,Noah Schultz,"6' 10""",82,1
687606,Paxton Schultz,"6' 3""",75,1
656941,Kyle Schwarber,"5' 11""",71,10
805326,Tyler Schweitzer,"6' 0""",72,1
681035,Christian Scott,"6' 4""",76,1
656945,Tanner Scott,"6' 0""",72,1
687363,Victor Scott II,"5' 10""",70,8
657756,Connor Seabold,"6' 2""",74,1
608369,Corey Seager,"6' 4""",76,6
808825,Andrew Sears,"6' 3""",75,1
676664,JP Sears,"5' 11""",71,1
676910,Matt Seelinger,"6' 3""",75,1
678011,Anthony Seigler,"5' 9""",69,4
543760,Marcus Semien,"6' 0""",72,4
673540,Kodai Senga,"6' 1""",73,1
663584,Hayden Senger,"6' 1""",73,2
622608,Antonio Senzatela,"6' 1""",73,1
691858,Jared Serna,"5' 7""",67,6
661531,Brian Serven,"6' 0""",72,2
622663,Luis Severino,"6' 2""",74,1
623149,Paul Sewald,"6' 3""",75,1
693313,Carson Seymour,"6' 5""",77,1
693855,Ian Seymour,"6' 0""",72,1
807713,Matt Shaw,"5' 10""",70,9
686218,Emmet Sheehan,"6' 5""",77,1
657757,Gavin Sheets,"6' 3""",75,3
669699,Braden Shewmake,"6' 3""",75,6
669298,TJ Shook,"6' 4""",76,1
670097,Zack Short,"5' 10""",70,6
663767,Chase Shugart,"5' 11""",71,1
694363,Jared Shuster,"6' 3""",75,1
672279,Michael Siani,"5' 11""",71,8
681217,Chase Silseth,"6' 0""",72,1
682927,Ronny Simon,"5' 8""",68,4
802415,Chandler Simpson,"5' 11""",71,7
688692,Jared Simpson,"6' 4""",76,1
681006,Josh Simpson,"6' 2""",74,1
608371,Lucas Sims,"6' 2""",74,1
695378,Jack Sinclair,"6' 4""",76,1
663903,Brady Singer,"6' 5""",77,1
642350,Jose Siri,"6' 2""",74,8
681895,Evan Sisk,"6' 2""",74,1
694973,Paul Skenes,"6' 6""",78,1
669373,Tarik Skubal,"6' 3""",75,1
686580,Justin Slaten,"6' 4""",76,1
596103,Austin Slater,"6' 1""",73,9
572143,Burch Smith,"6' 4""",76,1
671922,Cade Smith,"6' 5""",77,1
701358,Cam Smith,"6' 3""",75,9
642086,Dominic Smith,"5' 11""",71,10
681916,Dylan Smith,"6' 2""",74,1
696146,Hagen Smith,"6' 3""",75,1
669701,Josh Smith,"5' 9""",69,4
656976,Pavin Smith,"6' 2""",74,3
681343,Shane Smith,"6' 3""",75,1
669257,Will Smith,"5' 10""",70,2
700363,AJ Smith-Shawver,"6' 3""",75,1
605483,Blake Snell,"6' 4""",76,1
702281,Robby Snelling,"6' 3""",75,1
691016,Tyler Soderstrom,"6' 2""",74,7
686765,Nick Sogard,"6' 1""",73,4
669256,Nick Solak,"5' 9""",69,3
624585,Jorge Soler,"6' 3""",75,10
686678,Chase Solesky,"6' 3""",75,1
805427,Drew Sommers,"6' 3""",75,1
823550,Sung-Mun Song,"6' 0""",72,4
666277,George Soriano,"6' 2""",74,1
667755,José Soriano,"6' 3""",75,1
647336,Michael Soroka,"6' 5""",77,1
624641,Edmundo Sosa,"5' 11""",71,7
672820,Lenyn Sosa,"5' 11""",71,4
642397,Gregory Soto,"6' 1""",73,1
665742,Juan Soto,"6' 1""",73,7
656986,Bennett Sousa,"6' 3""",75,1
642100,Gabe Speier,"5' 11""",71,1
828599,Lucas Spence,"6' 0""",72,8
687765,Mitch Spence,"6' 1""",73,1
543807,George Springer,"6' 1""",73,10
605488,Jeffrey Springs,"6' 3""",75,1
687075,Brandon Sproat,"6' 3""",75,1
668831,Garrett Stallings,"6' 1""",73,1
592773,Ryne Stanek,"6' 4""",76,1
519317,Giancarlo Stanton,"6' 5""",77,10
668715,Spencer Steer,"5' 9""",69,3
683021,Michael Stefanic,"5' 9""",69,4
663886,Tyler Stephenson,"6' 3""",75,2
686993,Justin Sterner,"6' 1""",73,1
677060,Chad Stevens,"6' 3""",75,4
592779,Brock Stewart,"6' 3""",75,1
701398,Sal Stewart,"6' 1""",73,3
476594,Robert Stock,"6' 1""",73,1
596115,Trevor Story,"6' 1""",73,6
681082,Bryson Stott,"6' 0""",72,4
669065,Kyle Stowers,"6' 2""",74,3
621381,Matt Strahm,"6' 2""",74,1
676702,Hunter Stratton,"6' 4""",76,1
664702,Myles Straw,"5' 9""",69,8
675911,Spencer Strider,"6' 0""",72,1
669704,Kade Strowd,"6' 2""",74,1
657265,Peter Strzelecki,"6' 2""",74,1
596117,Garrett Stubbs,"5' 9""",69,2
544150,Albert Suárez,"6' 3""",75,1
553993,Eugenio Suárez,"5' 11""",71,10
660761,José Suarez,"5' 10""",70,1
624133,Ranger Suarez,"6' 1""",73,1
663158,Robert Suarez,"6' 2""",74,1
608372,Tomoyuki Sugano,"6' 1""",73,1
664954,Brett Sullivan,"5' 11""",71,2
807743,Sean Sullivan,"6' 4""",76,1
642121,Cole Sulser,"6' 0""",72,1
691740,Daniel Susac,"6' 5""",77,2
608718,Brent Suter,"6' 4""",76,1
673548,Seiya Suzuki,"5' 11""",71,9
694335,Matt Svanson,"6' 5""",77,1
621020,Dansby Swanson,"6' 0""",72,6
592791,Jameson Taillon,"6' 5""",77,1
665487,Fernando Tatis Jr.,"6' 3""",75,9
665750,Leody Taveras,"6' 2""",74,8
694374,Tim Tawa,"5' 11""",71,3
691799,Grant Taylor,"6' 3""",75,1
669392,Samad Taylor,"5' 8""",68,7
621438,Tyrone Taylor,"6' 0""",72,7
691019,Kyle Teel,"5' 11""",71,2
642133,Rowdy Tellez,"6' 3""",75,3
677588,José Tena,"5' 10""",70,10
678906,Kai-Wei Teng,"6' 4""",76,1
693713,Emiliano Teodo,"6' 1""",73,1
669326,Bryce Teodosio,"6' 2""",74,7
573204,Caleb Thielbar,"6' 0""",72,1
677950,Alek Thomas,"5' 9""",69,8
687515,Colby Thomas,"5' 10""",70,9
657041,Lane Thomas,"5' 11""",71,7
671162,Connor Thomas,"6' 0""",72,1
624522,Keegan Thompson,"6' 1""",73,1
657044,Ryan Thompson,"6' 5""",77,1
694514,Sterlin Thompson,"6' 3""",75,9
663423,Trent Thornton,"6' 0""",72,1
804267,Zac Thornton,"6' 3""",75,1
694918,Blade Tidwell,"6' 3""",75,1
694357,Ricky Tiedemann,"6' 4""",76,1
669911,Michael Toglia,"6' 5""",77,3
686475,Tyler Tolbert,"5' 10""",70,6
801139,Payton Tolle,"6' 6""",78,1
680899,Erik Tolman,"6' 2""",74,1
804636,Jonah Tong,"6' 1""",73,1
623437,Justin Topa,"6' 4""",76,1
679529,Spencer Torkelson,"6' 1""",73,3
620443,Luis Torrens,"5' 11""",71,2
663494,Bryan Torres,"5' 7""",67,7
650402,Gleyber Torres,"5' 10""",70,4
678662,Ezequiel Tovar,"6' 0""",72,6
666211,Taylor Trammell,"6' 1""",73,7
595014,Blake Treinen,"6' 5""",77,1
624431,Jose Trevino,"5' 9""",69,2
701649,James Triantos,"5' 11""",71,4
669707,Jared Triolo,"6' 3""",75,6
642152,Lou Trivino III,"6' 5""",77,1
644433,Chadwick Tromp,"5' 8""",68,2
545361,Mike Trout,"6' 1""",73,8
694371,Tommy Troy,"5' 9""",69,7
663656,Kyle Tucker,"6' 3""",75,9
814305,Yunior Tur,"6' 6""",78,1
668930,Brice Turang,"6' 0""",72,4
607208,Trea Turner,"6' 1""",73,6
700413,Tyler Uberstine,"6' 1""",73,1
699044,Miguel Ullola,"6' 1""",73,1
700712,Walbert Ureña,"6' 0""",72,1
649966,Luis Urías,"5' 9""",69,4
602104,Ramón Urías,"5' 9""",69,5
682842,Abner Uribe,"6' 3""",75,1
664353,José Urquidy,"6' 0""",72,1
699013,Esmerlyn Valdez,"6' 2""",74,9
664285,Framber Valdez,"5' 11""",71,1
680664,Eduardo Valencia,"6' 1""",73,10
678218,Brandon Valenzuela,"6' 0""",72,2
671655,George Valera,"5' 10""",70,7
676568,Ricky Vanasco,"6' 3""",75,1
669310,CJ Van Eyk,"6' 1""",73,1
701121,Logan VanWey,"6' 2""",74,1
672841,Carlos Vargas,"6' 4""",76,1
545121,Ildemaro Vargas,"5' 11""",71,3
678246,Miguel Vargas,"6' 2""",74,5
681402,Gus Varland,"6' 1""",73,1
686973,Louis Varland,"6' 1""",73,1
662139,Daulton Varsho,"5' 8""",68,8
681190,Randy Vásquez,"6' 0""",72,1
683734,Andrew Vaughn,"5' 10""",70,3
543877,Christian Vázquez,"5' 8""",68,2
676679,Luis Vázquez,"6' 0""",72,6
691728,Zac Veen,"6' 3""",75,7
592826,Vince Velasquez,"6' 3""",75,1
623205,Andrew Velazquez,"5' 8""",68,6
676369,Nelson Velázquez,"5' 11""",71,7
434378,Justin Verlander,"6' 5""",77,1
681911,Alex Vesia,"6' 1""",73,1
676684,Will Vest,"6' 0""",72,1
668901,Mark Vientos,"6' 3""",75,3
663837,Matt Vierling,"6' 1""",73,8
668723,Ryan Vilade,"6' 1""",73,9
678391,Jorbit Vivas,"5' 9""",69,5
680767,Victor Vodnik,"6' 0""",72,1
683011,Anthony Volpe,"5' 10""",70,6
608723,Austin Voth,"6' 2""",74,1
608379,Michael Wacha,"6' 6""",78,1
664774,LaMonte Wade Jr.,"5' 11""",71,7
676572,Eric Wagaman,"6' 4""",76,3
695238,Will Wagner,"6' 0""",72,10
621097,Jacob Waguespack,"6' 6""",78,1
686610,Ken Waldichuk,"6' 4""",76,1
694462,Hurston Waldrep,"6' 2""",74,1
663362,Matt Waldron,"6' 2""",74,1
814439,Ryan Waldschmidt,"6' 0""",72,8
572233,Christian Walker,"5' 11""",71,3
691023,Jordan Walker,"6' 6""",78,9
677020,Josh Walker,"6' 6""",78,1
676254,Ryan Walker,"6' 2""",74,1
592836,Taijuan Walker,"6' 4""",76,1
670242,Matt Wallner,"6' 4""",76,9
670764,Taylor Walls,"5' 9""",69,6
686796,Blake Walston,"6' 5""",77,1
622268,Donovan Walton,"5' 9""",69,4
681806,Andrew Wantz,"6' 4""",76,1
621493,Taylor Ward,"6' 0""",72,10
669899,Ryan Ward,"5' 10""",70,7
681810,Austin Warren,"6' 0""",72,1
701542,Will Warren,"6' 2""",74,1
696135,Kahlil Watson,"5' 9""",69,9
670245,Ryan Watson,"6' 5""",77,1
694360,Beck Way,"6' 4""",76,1
677960,Ryan Weathers,"6' 1""",73,1
596133,Luke Weaver,"6' 2""",74,1
657097,Jacob Webb,"6' 2""",74,1
657277,Logan Webb,"6' 2""",74,1
676620,Blake Weiman,"6' 3""",75,1
674073,Jack Weisenburger,"6' 3""",75,1
680802,Ryan Weiss,"6' 4""",76,1
669711,Greg Weissert,"6' 2""",74,1
669224,Austin Wells,"6' 1""",73,2
669330,Tyler Wells,"6' 8""",80,1
673995,Davis Wendzel,"5' 11""",71,5
669713,Hayden Wesneski,"6' 3""",75,1
687721,Cameron Weston,"6' 2""",74,1
802139,JJ Wetherholt,"5' 9""",69,4
554430,Zack Wheeler,"6' 4""",76,1
687931,Carson Whisenhunt,"6' 3""",75,1
694376,Shay Whitcomb,"6' 0""",72,5
642201,Eli White,"6' 2""",74,8
687985,Josh White,"6' 1""",73,1
695720,Tommy White,"6' 0""",72,5
676477,Garrett Whitlock,"6' 5""",77,1
696136,Jordan Wicks,"6' 3""",75,1
686894,Joey Wiemer,"6' 4""",76,9
677961,Cole Wilcox,"6' 5""",77,1
683363,Matt Wilkinson,"6' 1""",73,1
675961,Alika Williams,"6' 1""",73,6
700246,Carson Williams,"6' 1""",73,6
642207,Devin Williams,"6' 2""",74,1
668909,Gavin Williams,"6' 6""",78,1
663897,Luke Williams,"6' 1""",73,6
592866,Trevor Williams,"6' 3""",75,1
810938,Ben Williamson,"6' 0""",72,4
682227,Brandon Williamson,"6' 6""",78,1
669060,Bryse Wilson,"6' 2""",74,1
805779,Jacob Wilson,"6' 2""",74,6
642215,Weston Wilson,"6' 3""",75,5
669717,Will Wilson,"5' 9""",69,5
668390,Cole Winn,"6' 2""",74,1
676775,Keaton Winn,"6' 4""",76,1
691026,Masyn Winn,"5' 9""",69,6
685464,Cade Winquest,"6' 1""",73,1
621550,Patrick Wisdom,"6' 2""",74,5
677951,Bobby Witt Jr.,"6' 1""",73,6
664991,Grant Wolfram,"6' 7""",79,1
657136,Connor Wong,"5' 10""",70,2
693433,Bryan Woo,"6' 2""",74,1
695578,James Wood,"6' 6""",78,9
663765,Jake Woodford,"6' 4""",76,1
605540,Brandon Woodruff,"6' 4""",76,1
680573,Simeon Woods Richardson,"6' 3""",75,1
669398,Gage Workman,"6' 4""",76,5
680736,Justin Wrobleski,"6' 1""",73,1
642851,Austin Wynns,"6' 1""",73,2
808967,Yoshinobu Yamamoto,"5' 10""",70,1
642376,Jefry Yan,"6' 3""",75,1
642232,Ryan Yarbrough,"6' 5""",77,1
573262,Mike Yastrzemski,"5' 10""",70,7
489446,Kirby Yates,"5' 10""",70,1
678868,Eddy Yean,"6' 3""",75,1
592885,Christian Yelich,"6' 4""",76,10
702056,Trey Yesavage,"6' 4""",76,1
684974,Craig Yoho,"6' 2""",74,1
694377,Nick Yorke,"5' 11""",71,5
807799,Masataka Yoshida,"5' 8""",68,10
687064,Brandon Young,"6' 6""",78,1
702284,Cole Young,"5' 10""",70,4
664849,Danny Young,"6' 3""",75,1
696285,Jacob Young,"5' 11""",71,8
676724,Jared Young,"6' 2""",74,3
666171,Ryan Zeferjahn,"6' 5""",77,1
672582,Angel Zerpa,"6' 0""",72,1
669145,Bruce Zimmermann,"6' 3""",75,1
676604,Tyler Zuber,"5' 11""",71,1
670871,Guillo Zuñiga,"6' 5""",77,1
