"pitcher","name","pos"
624428,"Adam Frazier","2B"
680728,"Adrian Del Castillo","DH"
656577,"Alex Jackson","C"
683734,"Andrew Vaughn","1B"
655316,"Andruw Monasterio","SS"
595978,"Austin Hedges","C"
810938,"Ben Williamson","2B"
664954,"Brett Sullivan","C"
663494,"Bryan Torres","LF"
671083,"Buddy Kennedy","3B"
666126,"Carlos Cortes","RF"
608348,"Carson Kelly","C"
663967,"César Salazar","C"
644433,"Chadwick Tromp","C"
683766,"Christian Koss","SS"
664238,"Dylan Moore","CF"
571771,"Enrique Hernández","3B"
596117,"Garrett Stubbs","C"
596142,"Gary Sánchez","C"
545121,"Ildemaro Vargas","1B"
676694,"Jake Meyers","CF"
668670,"Jake Rogers","C"
543510,"James McCann","C"
691594,"Javier Sanoja","3B"
640902,"Jhonny Pereda","C"
686894,"Joey Wiemer","RF"
678391,"Jorbit Vivas","3B"
622761,"Jorge Mateo","SS"
677588,"José Tena","DH"
624431,"Jose Trevino","C"
668942,"Josh Rojas","3B"
543309,"Kyle Higashioka","C"
664774,"LaMonte Wade Jr.","LF"
660844,"Leo Rivas","3B"
620443,"Luis Torrens","C"
682668,"Luisangel Acuña","SS"
571912,"Luke Maile","C"
680474,"Max Schuemann","LF"
500743,"Miguel Rojas","2B"
664702,"Myles Straw","CF"
670032,"Nicky Lopez","2B"
606115,"Orlando Arcia","SS"
664731,"P.J. Higgins","C"
686780,"Pedro Pagés","C"
804668,"Rafael Flores Jr.","C"
624512,"Reese McGuire","C"
660710,"Rodolfo Durán","C"
664059,"Sam Haggerty","LF"
687859,"Troy Johnston","RF"
682997,"Tyler Callihan","LF"
623168,"Tyler Heineman","C"
686475,"Tyler Tolbert","SS"
645302,"Victor Robles","RF"
642215,"Weston Wilson","3B"
656716,"Zach McKinstry","RF"
670097,"Zack Short","SS"
